policy,real_seconds,cells_per_second,maximum_resident_set_size,peak_memory_footprint,p_core_share,e_core_share
default,0.64,1049600.0,52707328.0,48530432.0,0.8888888888888888,0.1111111111111111
utility,0.65,1033452.3076923076,52838400.0,48661504.0,0.8,0.2
background,3.41,196992.37536656891,35536896.0,31343552.0,0.6,0.4
