policy,real_seconds,cells_per_second,maximum_resident_set_size,peak_memory_footprint,p_core_share,e_core_share
default,0.62,1083458.064516129,52215808.0,48038912.0,1.0,0.0
utility,0.63,1066260.3174603174,52232192.0,48055296.0,1.0,0.0
background,3.31,202943.80664652569,35471360.0,31278016.0,0.6,0.4
